No,County/ Sub-County,Rented/Provided ,Government Number, Gov No per cent,County Government Number, CG per cent,Parastatal  Number, Parastatal per cent,Private company Number, Private Company per cent,Individual Number, Ind. No. per cent,FBO/NGO/ Church/Temple/Mosque Number, FBO/NGOper cent
1,KENYA ,466002,107462,2.3,64836,1.4,47904,1,278613,6,4123599,88.5,37613,0.8
2,Rural ,990602,26423,2.7,10848,1.1,12645,1.3,72747,7.3,846343,85.4,21596,2.2
3,Urban ,3669425,81039,2.2,53988,1.5,35259,1,205866,5,3277256,89.3,16017,0.4
4,MOMBASA ,297830,5649,1.9,6056,2,4034,1.4,16131,5.4,265188,89,772,0.3
5,CHANGAMWE ,41903,837,2,995,2.4,849,2,2301,5.5,36843,87.9,78,0.2
6,JOMVU ,39185,127,0.3,219,0.6,302,0.8,610,1.6,37883,96.7,44,0.1
7,KISAUNI ,62711,662,1.1,1009,1.6,479,0.8,4723,7.5,55756,88.9,82,0.1
8,LIKONI ,62586,917,1.5,1908,3,570,0.9,988,1.6,58111,92.8,92,0.1
9,MVITA ,32172,2931,9.1,1374,4.3,1577,4.9,3028,9.4,22873,71.1,389,1.2
10,NYALI ,59273,175,0.3,551,0.9,257,0.4,4481,7.6,53722,90.6,87,0.1
11,KWALE ,39612,849,2.1,489,1.2,265,0.7,1578,4,36170,91.3,261,0.7
12,KINANGO ,1359,62,4.6,44,3.2,10,0.7,6,0.4,1213,89.3,24,1.8
13,LUNGALUNGA ,3973,91,2.3,28,0.7,84,2.1,70,1.8,3655,92,45,1.1
14,MATUGA ,6374,403,6.3,112,1.8,89,1.4,213,3.3,5483,86,74,1.2
15,MSAMBWENI ,22098,172,0.8,153,0.7,62,0.3,890,4,20756,93.9,65,0.3
16,SAMBURU ,5808,121,2.1,152,2.6,20,0.3,399,6.9,5063,87.2,53,0.9
17,KILIFI ,98466,1965,2,1015,1,768,0.8,5410,5.5,88782,90.2,526,0.5
18,CHONYI ,318,18,5.7,4,1.3,1,0.3,9,2.8,280,88.1,6,1.9
19,GANZE ,1538,59,3.8,27,1.8,9,0.6,22,1.4,1398,90.9,23,1.5
20,KALOLENI ,8693,781,9,110,1.3,41,0.5,346,4,7377,84.9,38,0.4
21,KAUMA ,168,11,6.5,4,2.4,17,10.1,35,20.8,99,58.9,2,1.2
22,KILIFI NORTH,163,401,2.5,67,0.4,74,0.5,676,4.1,15090,92.2,53,0.3
23,KILIFI SOUTH,296,97,0.3,260,0.9,185,0.6,2758,9.3,26238,88.6,82,0.3
24,MAGARINI ,4314,92,2.1,31,0.7,14,0.3,189,4.4,3875,89.8,113,2.6
25,MALINDI ,31563,451,1.4,457,1.4,362,1.1,1213,3.8,28908,91.6,172,0.5
26,RABAI ,5891,55,0.9,55,0.9,65,1.1,162,2.7,5517,93.7,37,0.6
27,TANA RIVER,143,691,4.8,502,3.5,407,2.8,521,3.6,12057,83.8,205,1.4
28,TANA DELTA,274,162,5.9,81,3,39,1.4,19,0.7,2325,84.7,118,4.3
29,TANA NORTH,786,192,2.4,329,4.2,329,4.2,420,5.3,6559,83.4,36,0.5
30,TANA RIVER,377,337,8.9,92,2.4,39,1,82,2.2,3173,84.1,51,1.4
31,LAMU ,10981,536,4.9,63,0.6,24,0.2,260,2.4,9929,90.4,169,1.5
32,LAMU EAST,1187,83,7,9,0.8,5,0.4,3,0.3,1080,91,7,0.6
33,LAMU WEST,9794,453,4.6,54,0.6,19,0.2,257,2.6,8849,90.4,162,1.7
34,TAITA/TAVETA ,31754,1341,4.2,152,0.5,687,2.2,2094,6.6,27085,85.3,395,1.2
35,MWATATE ,6248,84,1.3,16,0.3,33,0.5,1285,20.6,4701,75.2,129,2.1
36,TAITA ,2517,366,14.5,37,1.5,11,0.4,58,2.3,1962,77.9,83,3.3
37,TAVETA ,8053,513,6.4,67,0.8,124,1.5,455,5.7,6832,84.8,62,0.8
38,VOI ,14936,378,2.5,32,0.2,519,3.5,296,2,13590,91,121,0.8
39,GARISSA ,17450,1090,6.2,947,5.4,432,2.5,866,5,13028,74.7,1087,6.2
40,BALAMBALA ,71,33,46.5,7,9.9,- ,-,6,8.5,24,33.8,1,1.4
41,DADAAB ,2048,192,9.4,123,6,43,2.1,87,4.2,771,37.6,832,40.6
42,FAFI ,1047,111,10.6,58,5.5,66,6.3,68,6.5,551,52.6,193,18.4
43,GARISSA ,11892,621,5.2,576,4.8,257,2.2,621,5.2,9782,82.3,35,0.3
44,HULUGHO ,318,5,1.6,14,4.4,16,5,12,3.8,262,82.4,9,2.8
45,IJARA ,1714,32,1.9,153,8.9,44,2.6,62,3.6,1411,82.3,12,0.7
46,LAGDERA ,360,96,26.7,16,4.4,6,1.7,10,2.8,227,63.1,5,1.4
47,WAJIR ,6503,668,10.3,406,6.2,102,1.6,413,6.4,4867,74.8,47,0.7
48,BUNA ,153,11,7.2,14,9.2,4,2.6,10,6.5,111,72.5,3,2
49,ELDAS ,151,11,7.3,9,6,7,4.6,39,25.8,82,54.3,3,2
50,HABASWEIN ,1293,83,6.4,46,3.6,38,2.9,99,7.7,1014,78.4,13,1
51,TARBAJ ,102,21,20.6,3,2.9,4,3.9,9,8.8,64,62.7,1,1
52,WAJIR EAST,3285,362,11,243,7.4,37,1.1,212,6.5,2413,73.5,18,0.5
53,WAJIR NORTH,623,94,15.1,31,5,1,0.2,8,1.3,482,77.4,7,1.1
54,WAJIR SOUTH,351,24,6.8,47,13.4,8,2.3,13,3.7,257,73.2,2,0.6
55,WAJIR WEST,545,62,11.4,13,2.4,3,0.6,23,4.2,444,81.5,- ,-
56,MANDERA ,9410,387,4.1,434,4.6,261,2.8,461,4.9,7774,82.6,93,1
57,MANDERA WEST,718,6,0.8,14,1.9,19,2.6,40,5.6,622,86.6,17,2.4
58,BANISA ,386,9,2.3,36,9.3,7,1.8,19,4.9,312,80.8,3,0.8
59,KOTULO ,325,15,4.6,36,11.1,15,4.6,28,8.6,230,70.8,1,0.3
60,LAFEY ,314,12,3.8,11,3.5,8,2.5,6,1.9,220,70.1,57,18.2
61,MANDERA CENTRAL,1,13,0.9,59,4.1,16,1.1,124,8.5,1233,85,6,0.4
62,MANDERA EAST,5524,204,3.7,248,4.5,192,3.5,234,4.2,4642,84,4,0.1
68,MANDERA NORTH,692,128,18.5,30,4.3,4,0.6,10,1.4,515,74.4,5,0.7
69,MARSABIT ,10561,572,5.4,169,1.6,90,0.9,256,2.4,9329,88.3,145,1.4
70,LOIYANGALANI ,270,42,15.6,57,21.1,- ,-,9,3.3,151,55.9,11,4.1
71,MARSABIT CENTRAL,4,157,3.3,32,0.7,18,0.4,136,2.8,4392,92,41,0.9
72,MARSABIT NORTH,130,17,13.1,4,3.1,- ,-,5,3.8,89,68.5,15,11.5
73,MARSABIT SOUTH,409,69,16.9,29,7.1,3,0.7,17,4.2,244,59.7,47,11.5
74,MOYALE ,4194,260,6.2,39,0.9,49,1.2,74,1.8,3753,89.5,19,0.5
75,NORTH HORR,114,24,21.1,1,0.9,18,15.8,-,-,67,58.8,4,3.5
76,SOLOLO ,668,3,0.4,7,1,2,0.3,15,2.2,633,94.8,8,1.2
77,ISIOLO ,14918,794,5.3,198,1.3,115,0.8,344,2.3,13317,89.3,150,1
78,GARBATULLA ,1592,118,7.4,68,4.3,4,0.3,13,0.8,1366,85.8,23,1.4
79,ISIOLO ,12934,624,4.8,127,1,111,0.9,328,2.5,11620,89.8,124,1
80,MERTI ,392,52,13.3,3,0.8,- ,-,3,0.8,331,84.4,3,0.8
81,MERU ,109916,1698,1.5,847,0.8,597,0.5,2596,2.4,103275,94,903,0.8
82,BUURI EAST,5986,64,1.1,65,1.1,8,0.1,128,2.1,5667,94.7,54,0.9
83,BUURI WEST,1468,112,0.8,93,0.6,20,0.1,981,6.7,13382,91.1,97,0.7
84,IGEMBE CENTRAL,9,85,0.9,18,0.2,14,0.1,106,1.1,9337,97,64,0.7
85,IGEMBE NORTH,715,91,1.3,96,1.3,52,0.7,102,1.4,6769,94.6,48,0.7
86,IGEMBE SOUTH,135,143,1.1,121,0.9,221,1.6,316,2.3,12633,93.5,73,0.5
87,IMENTI NORTH,271,562,2.1,187,0.7,34,0.1,365,1.3,25844,95,206,0.8
88,IMENTI SOUTH,172,253,1.5,174,1,57,0.3,295,1.7,16254,94.4,188,1.1
89,MERU CENTRAL,6,118,1.8,19,0.3,31,0.5,126,2,6088,94.6,54,0.8
90,TIGANIA CENTRAL,2,60,2.2,24,0.9,71,2.6,86,3.1,2515,90.9,11,0.4
91,TIGANIA EAST,1900,75,3.9,8,0.4,14,0.7,26,1.4,1689,88.9,88,4.6
92,TIGANIA WEST,3310,108,3.3,41,1.2,19,0.6,64,1.9,3058,92.4,20,0.6
93,MERU NATIONAL P,,18,39.1,- ,-,28,60.9,-,-,- ,-,- ,-
94,MT. KENYA FOREST,,9,11.5,1,1.3,28,35.9,1,1.3,39,50,- ,-
95,THARAKA-NITHI ,19062,479,2.5,91,0.5,148,0.8,282,1.5,17694,92.8,368,1.9
96,IGAMBANG'OMBE ,1826,53,2.9,10,0.5,4,0.2,15,0.8,1722,94.3,22,1.2
97,MAARA ,5845,102,1.7,25,0.4,27,0.5,190,3.3,5324,91.1,177,3
98,MERU SOUTH,794,120,1.5,40,0.5,67,0.8,41,0.5,7607,95.8,68,0.9
99,THARAKA NORTH,108,78,7.2,5,0.5,9,0.8,12,1.1,973,89.4,11,1
100,THARAKA SOUTH,228,91,4,8,0.3,8,0.3,24,1,2068,90.3,90,3.9
101,MT. KENYA FOREST,,35,49.3,3,4.2,33,46.5,-,-,- ,-,- ,-
102,EMBU ,49298,1812,3.7,136,0.3,344,0.7,1268,2.6,45359,92,379,0.8
103,EMBU EAST,6742,203,3,26,0.4,27,0.4,159,2.4,6257,92.8,70,1
104,EMBU NORTH,418,138,3.3,7,0.2,11,0.3,42,1,3949,94.3,41,1
105,EMBU WEST,2328,1100,4.7,61,0.3,155,0.7,389,1.7,21423,92,152,0.7
106,MBEERE SOUTH,963,214,2.2,16,0.2,35,0.4,560,5.8,8731,90.7,74,0.8
107,MBEERE NORTH,544,156,2.9,26,0.5,103,1.9,118,2.2,4999,91.8,42,0.8
108,MT. KENYA FOREST,,1,7.1,- ,-,13,92.9,-,-,- ,-,- ,-
109,KITUI ,37132,1344,3.6,229,0.6,200,0.5,1212,3.3,33738,90.9,409,1.1
110,IKUTHA ,1463,31,2.1,5,0.3,6,0.4,129,8.8,1271,86.9,21,1.4
111,KATULANI ,1050,43,4.1,25,2.4,6,0.6,24,2.3,932,88.8,20,1.9
112,KISASI ,1045,34,3.3,3,0.3,1,0.1,130,12.4,866,82.9,11,1.1
113,KITUI CENTRAL,11,486,4.4,55,0.5,34,0.3,432,3.9,10103,90.6,40,0.4
114,KITUI WEST,1726,24,1.4,7,0.4,30,1.7,38,2.2,1617,93.7,10,0.6
115,KYUSO ,1443,82,5.7,5,0.3,2,0.1,139,9.6,1198,83,17,1.2
116,LOWER YATTA,204,27,1.3,3,0.1,100,4.9,22,1.1,1759,86.2,129,6.3
117,MATINYANI ,524,36,6.9,1,0.2,1,0.2,6,1.1,477,91,3,0.6
118,MIGWANI ,1169,48,4.1,7,0.6,2,0.2,13,1.1,1071,91.6,28,2.4
119,MUMONI ,411,4,1,2,0.5,- ,-,16,3.9,388,94.4,1,0.2
120,MUTITU ,894,35,3.9,2,0.2,3,0.3,6,0.7,840,94,8,0.9
121,MUTITU NORTH,491,27,5.5,- ,-,2,0.4,5,1,452,92.1,5,1
122,MUTOMO ,2346,116,4.9,47,2,4,0.2,21,0.9,2107,89.8,51,2.2
123,MWINGI CENTRAL,7,185,2.5,48,0.6,7,0.1,173,2.3,6993,94,31,0.4
124,MWINGI EAST,1531,65,4.2,18,1.2,1,0.1,38,2.5,1394,91.1,15,1
125,NZAMBANI ,1498,44,2.9,- ,-,- ,-,13,0.9,1427,95.3,14,0.9
126,THAGICU ,102,1,1,- ,-,- ,-,-,-,100,98,1,1
127,TSEIKURU ,812,56,6.9,1,0.1,1,0.1,7,0.9,743,91.5,4,0.5
128,MACHAKOS ,141539,1900,1.3,1329,0.9,1762,1.2,8930,6.3,126718,89.5,900,0.6
129,ATHI RIVER,856,444,0.5,818,1,988,1.2,7297,8.5,75865,88.6,233,0.3
130,KALAMA ,1162,- ,-,3,0.3,95,8.2,142,12.2,802,69,120,10.3
131,KANGUNDO ,2149,99,4.6,20,0.9,12,0.6,43,2,1943,90.4,32,1.5
132,KATHIANI ,2094,94,4.5,12,0.6,7,0.3,52,2.5,1877,89.6,52,2.5
133,MACHAKOS ,21246,806,3.8,94,0.4,167,0.8,450,2.1,19580,92.2,149,0.7
134,MASINGA ,4279,71,1.7,28,0.7,287,6.7,82,1.9,3775,88.2,36,0.8
135,MATUNGULU ,10838,78,0.7,111,1,130,1.2,429,4,10003,92.3,87,0.8
136,MWALA ,5021,88,1.8,20,0.4,30,0.6,164,3.3,4645,92.5,74,1.5
142,YATTA ,9105,220,2.4,223,2.4,46,0.5,271,3,8228,90.4,117,1.3
143,MAKUENI ,45609,1054,2.3,695,1.5,236,0.5,2339,5.1,40684,89.2,601,1.3
144,KATHONZWENI ,2153,49,2.3,69,3.2,3,0.1,115,5.3,1884,87.5,33,1.5
145,KIBWEZI ,11379,140,1.2,195,1.7,76,0.7,1148,10.1,9703,85.3,117,1
146,KILUNGU ,626,42,6.7,1,0.2,- ,-,37,5.9,528,84.3,18,2.9
147,MAKINDU ,6280,128,2,43,0.7,89,1.4,370,5.9,5588,89,62,1
148,MAKUENI ,9580,295,3.1,71,0.7,16,0.2,202,2.1,8920,93.1,76,0.8
149,MBOONI EAST,2094,82,3.9,14,0.7,3,0.1,16,0.8,1950,93.1,29,1.4
150,MBOONI WEST,1670,81,4.9,4,0.2,1,0.1,25,1.5,1500,89.8,59,3.5
151,MUKAA ,5871,182,3.1,210,3.6,34,0.6,298,5.1,5008,85.3,139,2.4
152,NZAUI ,5956,55,0.9,88,1.5,14,0.2,128,2.1,5603,94.1,68,1.1
153,NYANDARUA ,53734,1084,2,184,0.3,203,0.4,1026,1.9,50668,94.3,569,1.1
154,KINANGOP ,9613,71,0.7,40,0.4,51,0.5,172,1.8,9197,95.7,82,0.9
155,NYANDARUA SOUTH,809,96,1.2,13,0.2,41,0.5,104,1.3,7633,94.3,207,2.6
156,MIRANGINE ,5123,181,3.5,15,0.3,13,0.3,160,3.1,4697,91.7,57,1.1
157,KIPIPIRI ,4787,169,3.5,14,0.3,18,0.4,73,1.5,4473,93.4,40,0.8
158,NYANDARUA CENTRAL,9,176,2,54,0.6,37,0.4,199,2.2,8455,93.9,86,1
159,NYANDARUA WEST,1048,209,2,32,0.3,12,0.1,264,2.5,9922,94.6,50,0.5
160,NYANDARUA NORTH,661,173,2.6,16,0.2,31,0.5,54,0.8,6291,95.1,47,0.7
161,ABERDARE NATIONAL P,,9,100,- ,-,- ,-,-,-,- ,-,- ,-
162,NYERI ,80917,3159,3.9,693,0.9,712,0.9,3243,4,72140,89.2,970,1.2
163,TETU ,2987,218,7.3,12,0.4,47,1.6,124,4.2,2549,85.3,37,1.2
164,KIENI EAST,1699,174,1,169,1,123,0.7,737,4.3,15637,92,157,0.9
165,KIENI WEST,8276,148,1.8,31,0.4,35,0.4,461,5.6,7469,90.2,132,1.6
166,MATHIRA EAST,1243,241,1.9,75,0.6,150,1.2,143,1.1,11764,94.6,64,0.5
167,MATHIRA WEST,2242,195,8.7,16,0.7,29,1.3,77,3.4,1851,82.6,74,3.3
168,NYERI SOUTH,595,257,4.3,22,0.4,66,1.1,219,3.7,5327,89.5,61,1
169,MUKURWE-INI ,2750,158,5.7,31,1.1,16,0.6,32,1.2,2455,89.3,58,2.1
170,NYERI CENTRAL,29,1731,5.9,333,1.1,170,0.6,1446,5,25087,86,387,1.3
171,MT. KENYA FOREST,,37,50,4,5.4,32,43.2,-,-,1,1.4,- ,-
172,ABERDARE FOREST,48,- ,-,- ,-,44,91.7,4,8.3,- ,-,- ,-
173,KIRINYAGA ,61325,1397,2.3,288,0.5,517,0.8,1392,2.3,57282,93.4,449,0.7
174,KIRINYAGA CENTRAL,10,462,4.4,100,0.9,73,0.7,463,4.4,9363,88.6,109,1
175,KIRINYAGA EAST,7739,148,1.9,12,0.2,29,0.4,231,3,7262,93.8,57,0.7
176,KIRINYAGA WEST,1082,245,2.3,109,1,77,0.7,210,1.9,10068,93,118,1.1
177,MWEA EAST,2145,404,1.9,20,0.1,246,1.1,344,1.6,20366,94.9,72,0.3
178,MWEA WEST,1071,119,1.1,47,0.4,92,0.9,140,1.3,10223,95.4,93,0.9
179,MT. KENYA FOREST,,19,82.6,- ,-,- ,-,4,17.4,- ,-,- ,-
180,MURANG'A ,75177,1966,2.6,292,0.4,583,0.8,5834,7.8,65898,87.7,604,0.8
181,MURANG'A EAST,1239,542,4.4,96,0.8,29,0.2,304,2.5,11355,91.6,64,0.5
182,KANGEMA ,4052,137,3.4,4,0.1,69,1.7,171,4.2,3627,89.5,44,1.1
183,MATHIOYA ,3858,102,2.6,14,0.4,84,2.2,197,5.1,3395,88,66,1.7
184,KAHURO ,2604,97,3.7,16,0.6,72,2.8,34,1.3,2331,89.5,54,2.1
185,MURANG'A SOUTH,175,397,2.3,54,0.3,54,0.3,1015,5.8,15900,90.8,98,0.6
186,GATANGA ,17085,342,2,78,0.5,140,0.8,3760,22,12614,73.8,151,0.9
187,KIGUMO ,8282,188,2.3,11,0.1,84,1,246,3,7714,93.1,39,0.5
188,KANDARA ,9378,155,1.7,19,0.2,51,0.5,103,1.1,8962,95.6,88,0.9
189,ABERDARE FOREST,10,6,60,- ,-,- ,-,4,40,- ,-,- ,-
190,KIAMBU ,498012,6371,1.3,3587,0.7,2529,0.5,27933,5.6,454827,91.3,2765,0.6
191,GATUNDU NORTH,647,135,2.1,37,0.6,75,1.2,237,3.7,5926,91.5,65,1
192,GATUNDU SOUTH,744,226,3,12,0.2,44,0.6,114,1.5,6996,94,50,0.7
193,GITHUNGURI ,13963,244,1.7,29,0.2,24,0.2,267,1.9,13278,95.1,121,0.9
194,JUJA ,73652,970,1.3,434,0.6,410,0.6,5282,7.2,66403,90.2,153,0.2
195,KABETE ,42720,300,0.7,21,0,32,0.1,1251,2.9,40909,95.8,207,0.5
196,KIAMBAA ,55535,187,0.3,225,0.4,120,0.2,2942,5.3,51889,93.4,172,0.3
197,KIAMBU ,31003,631,2,94,0.3,154,0.5,2738,8.8,27309,88.1,77,0.2
198,KIKUYU ,36606,430,1.2,50,0.1,631,1.7,1243,3.4,33893,92.6,359,1
199,LARI ,12933,270,2.1,157,1.2,139,1.1,404,3.1,11571,89.5,392,3
200,LIMURU ,26637,339,1.3,54,0.2,239,0.9,2838,10.7,22856,85.8,311,1.2
201,RUIRU ,107423,1018,0.9,531,0.5,133,0.1,5318,5,100140,93.2,283,0.3
202,THIKA EAST,6743,167,2.5,5,0.1,45,0.7,626,9.3,5831,86.5,69,1
203,THIKA WEST,7688,1454,1.9,1938,2.5,483,0.6,4673,6.1,67826,88.2,506,0.7
204,TURKANA ,25351,1679,6.6,990,3.9,138,0.5,732,2.9,14258,56.2,7554,29.8
205,KIBISH ,48,21,43.8,3,6.3,- ,-,-,-,11,22.9,13,27.1
206,LOIMA ,255,24,9.4,1,0.4,4,1.6,3,1.2,189,74.1,34,13.3
207,TURKANA CENTRAL,9,688,7.3,419,4.4,57,0.6,249,2.6,7896,83.8,113,1.2
208,TURKANA EAST,473,88,18.6,3,0.6,1,0.2,10,2.1,365,77.2,6,1.3
209,TURKANA NORTH,481,91,18.9,15,3.1,4,0.8,48,10,228,47.4,95,19.8
210,TURKANA SOUTH,330,400,12.1,146,4.4,20,0.6,82,2.5,2595,78.6,57,1.7
216,TURKANA WEST,1137,367,3.2,403,3.5,52,0.5,340,3,2974,26.2,7236,63.6
217,WEST POKOT,141,681,4.8,479,3.4,157,1.1,451,3.2,12261,86.4,163,1.1
218,KIPKOMO ,2473,58,2.3,118,4.8,17,0.7,116,4.7,2139,86.5,25,1
219,POKOT CENTRAL,1,98,9.4,128,12.2,20,1.9,15,1.4,757,72.2,30,2.9
220,POKOT NORTH,107,144,13.3,50,4.6,11,1,16,1.5,819,75.9,39,3.6
221,POKOT SOUTH,105,24,2.3,17,1.6,2,0.2,25,2.4,982,92.7,9,0.8
222,WEST POKOT,853,357,4.2,166,1.9,107,1.3,279,3.3,7564,88.6,60,0.7
223,SAMBURU ,9543,388,4.1,250,2.6,51,0.5,258,2.7,8426,88.3,170,1.8
224,SAMBURU CENTRAL,6,330,4.9,228,3.4,50,0.7,212,3.2,5772,86.5,83,1.2
225,SAMBURU EAST,1949,38,1.9,17,0.9,- ,-,35,1.8,1787,91.7,72,3.7
226,SAMBURU NORTH,919,20,2.2,5,0.5,1,0.1,11,1.2,867,94.3,15,1.6
227,TRANS NZOIA,719,2152,3,913,1.3,2046,2.8,1982,2.8,64091,89,792,1.1
228,TRANS NZOIA WEST,,1257,5.5,420,1.8,496,2.2,555,2.4,19911,87.3,179,0.8
229,TRANS NZOIA EAST,,238,2.1,80,0.7,103,0.9,434,3.9,10066,90.6,191,1.7
230,KWANZA ,12703,179,1.4,145,1.1,249,2,269,2.1,11685,92,176,1.4
231,ENDEBESS ,5921,259,4.4,67,1.1,1083,18.3,403,6.8,4066,68.7,43,0.7
232,KIMININI ,19422,219,1.1,201,1,115,0.6,321,1.7,18363,94.5,203,1
233,UASIN GISHU,147,3226,2.2,2095,1.4,1946,1.3,6286,4.2,133360,90.1,1038,0.7
234,AINABKOI ,16218,539,3.3,228,1.4,112,0.7,816,5,14303,88.2,220,1.4
235,KAPSERET ,40966,463,1.1,481,1.2,380,0.9,1823,4.5,37584,91.7,235,0.6
236,KESSES ,10104,273,2.7,89,0.9,66,0.7,184,1.8,9405,93.1,87,0.9
237,MOIBEN ,22214,333,1.5,100,0.5,130,0.6,927,4.2,20593,92.7,131,0.6
238,SOY ,17758,610,3.4,396,2.2,716,4,453,2.6,15459,87.1,124,0.7
239,TURBO ,40691,1008,2.5,801,2,542,1.3,2083,5.1,36016,88.5,241,0.6
240,ELGEYO/MARAKWET ,17868,716,4,151,0.8,119,0.7,549,3.1,16129,90.3,204,1.1
241,KEIYO NORTH,514,287,5.6,37,0.7,57,1.1,204,4,4527,88,34,0.7
242,KEIYO SOUTH,375,225,6,40,1.1,36,1,201,5.4,3195,85.2,53,1.4
243,MARAKWET EAST,2468,78,3.2,44,1.8,6,0.2,25,1,2292,92.9,23,0.9
244,MARAKWET WEST,6504,126,1.9,30,0.5,20,0.3,119,1.8,6115,94,94,1.4
245,NANDI ,42536,984,2.3,539,1.3,254,0.6,8206,19.3,32103,75.5,450,1.1
246,CHESUMEI ,10363,105,1,187,1.8,50,0.5,178,1.7,9677,93.4,166,1.6
247,NANDI CENTRAL,8,427,5.1,154,1.8,112,1.3,617,7.4,6961,83.4,75,0.9
248,NANDI EAST,1242,151,1.2,132,1.1,31,0.2,5586,45,6473,52.1,54,0.4
249,NANDI NORTH,318,73,2.3,18,0.6,9,0.3,52,1.6,2986,93.8,47,1.5
250,NANDI SOUTH,410,82,2,39,1,41,1,132,3.2,3776,92,35,0.9
251,TINDERET ,4110,146,3.6,9,0.2,11,0.3,1641,39.9,2230,54.3,73,1.8
252,BARINGO ,28282,1574,5.6,334,1.2,367,1.3,836,3,24892,88,279,1
253,BARINGO CENTRAL,6,393,6.2,81,1.3,75,1.2,104,1.6,5659,89.1,40,0.6
254,BARINGO NORTH,215,110,5.1,14,0.7,5,0.2,36,1.7,1970,91.6,16,0.7
255,EAST POKOT,642,80,12.5,4,0.6,2,0.3,22,3.4,507,79,27,4.2
256,KOIBATEK ,10622,556,5.2,131,1.2,168,1.6,217,2,9464,89.1,86,0.8
257,MARIGAT ,4590,219,4.8,76,1.7,63,1.4,176,3.8,3990,86.9,66,1.4
258,MOGOTIO ,3333,141,4.2,23,0.7,54,1.6,235,7.1,2861,85.8,19,0.6
259,TIATY EAST,592,75,12.7,5,0.8,- ,-,46,7.8,441,74.5,25,4.2
260,LAIKIPIA ,56835,1872,3.3,945,1.7,289,0.5,4464,7.9,48763,85.8,502,0.9
261,LAIKIPIA CENTRAL,11,185,1.7,115,1,53,0.5,668,6,10091,90.4,53,0.5
262,LAIKIPIA EAST,1729,798,4.6,312,1.8,30,0.2,1641,9.5,14351,83,163,0.9
263,LAIKIPIA NORTH,109,81,7.4,8,0.7,7,0.6,522,47.8,457,41.8,18,1.6
264,LAIKIPIA WEST,8582,296,3.4,328,3.8,86,1,838,9.8,6919,80.6,115,1.3
265,NYAHURURU ,18700,512,2.7,182,1,113,0.6,795,4.3,16945,90.6,153,0.8
266,NAKURU ,322763,7877,2.4,4727,1.5,3131,1,20744,6.4,284538,88.2,1746,0.5
267,GILGIL ,23021,1352,5.9,29,0.1,242,1.1,1122,4.9,20058,87.1,218,0.9
268,KURESOI NORTH,879,323,3.7,31,0.4,11,0.1,243,2.8,8099,92.1,88,1
269,KURESOI SOUTH,677,89,1.3,18,0.3,93,1.4,704,10.4,5857,86.4,16,0.2
270,MOLO ,17995,476,2.6,89,0.5,45,0.3,461,2.6,16792,93.3,132,0.7
271,NAIVASHA ,77962,1581,2,499,0.6,779,1,8756,11.2,66111,84.8,236,0.3
272,NAKURU EAST,5038,2174,4.3,2831,5.6,418,0.8,2135,4.2,42523,84.4,307,0.6
273,NAKURU NORTH,319,150,0.5,72,0.2,188,0.6,991,3.1,30420,95.1,156,0.5
274,NAKURU WEST,5455,947,1.7,882,1.6,998,1.8,3516,6.4,47984,88,230,0.4
275,NJORO ,22949,359,1.6,169,0.7,284,1.2,677,3,21337,93,123,0.5
276,RONGAI ,22944,368,1.6,96,0.4,73,0.3,2030,8.8,20195,88,182,0.8
277,SUBUKIA ,5398,58,1.1,11,0.2,- ,-,109,2,5162,95.6,58,1.1
278,NAROK ,54964,1159,2.1,771,1.4,295,0.5,1864,3.4,50394,91.7,481,0.9
279,NAROK EAST,6594,89,1.3,32,0.5,40,0.6,255,3.9,6113,92.7,65,1
280,NAROK NORTH,269,573,2.1,219,0.8,138,0.5,688,2.5,25197,93.4,167,0.6
281,NAROK SOUTH,542,156,2.9,192,3.5,12,0.2,100,1.8,4904,90.4,59,1.1
282,NAROK WEST,3648,49,1.3,153,4.2,27,0.7,254,7,3085,84.6,80,2.2
283,TRANS MARA EAST,  ,8,1.3,4,0.7,- ,-,14,2.3,562,93.4,14,2.3
284,TRANS MARA WEST ,,284,2.4,171,1.5,78,0.7,553,4.7,10533,89.9,96,0.8
290,MAU FOREST, -,- ,-,- ,-,- ,-,-,-,- ,-,- ,-
291,KAJIADO ,185863,1819,1,2576,1.4,1011,0.5,16740,9,162643,87.5,1074,0.6
292,ISINYA ,58651,507,0.9,1160,2,622,1.1,9180,15.7,46951,80.1,231,0.4
293,KAJIADO CENTRAL,13,423,3.2,95,0.7,40,0.3,345,2.6,12073,92.4,86,0.7
294,KAJIADO NORTH,818,578,0.7,666,0.8,154,0.2,4946,6,75019,91.7,483,0.6
295,KAJIADO WEST,1238,56,0.5,151,1.2,32,0.3,1363,11,10666,86.1,118,1
296,LOITOKITOK ,13370,151,1.1,330,2.5,109,0.8,732,5.5,11935,89.3,113,0.8
297,MASHUURU ,6548,104,1.6,174,2.7,54,0.8,174,2.7,5999,91.6,43,0.7
298,KERICHO ,52873,1648,3.1,422,0.8,799,1.5,9771,18.5,39853,75.4,380,0.7
299,BELGUT ,10519,146,1.4,18,0.2,29,0.3,5161,49.1,5140,48.9,25,0.2
300,BURETI ,8073,238,2.9,38,0.5,40,0.5,507,6.3,7187,89,63,0.8
301,KERICHO EAST,2076,735,3.5,159,0.8,290,1.4,1936,9.3,17506,84.3,142,0.7
302,KIPKELION ,2125,101,4.8,40,1.9,43,2,120,5.6,1780,83.8,41,1.9
303,LONDIANI ,8171,341,4.2,40,0.5,393,4.8,1783,21.8,5543,67.8,71,0.9
304,SOIN SIGOWET,3,87,2.7,127,3.9,4,0.1,264,8.2,2697,83.8,38,1.2
305,BOMET ,31630,565,1.8,437,1.4,178,0.6,7929,25.1,22218,70.2,303,1
306,BOMET EAST,2420,53,2.2,60,2.5,9,0.4,161,6.7,2120,87.6,17,0.7
307,CHEPALUNGU ,1131,40,3.5,12,1.1,1,0.1,38,3.4,1022,90.4,18,1.6
308,KONOIN ,13736,105,0.8,69,0.5,67,0.5,6696,48.7,6723,48.9,76,0.6
309,SOTIK ,6153,215,3.5,43,0.7,45,0.7,877,14.3,4913,79.8,60,1
310,BOMET CENTRAL,8,152,1.9,253,3.1,56,0.7,157,1.9,7440,90.8,132,1.6
311,KAKAMEGA ,62765,2495,4,1025,1.6,484,0.8,2570,4.1,55353,88.2,838,1.3
312,BUTERE ,2422,140,5.8,77,3.2,4,0.2,48,2,2118,87.4,35,1.4
313,KAKAMEGA CENTRAL,23,1094,4.6,346,1.5,100,0.4,486,2,21607,90.8,157,0.7
314,KAKAMEGA EAST,3602,351,9.7,88,2.4,96,2.7,121,3.4,2885,80.1,61,1.7
315,KAKAMEGA NORTH,506,72,1.4,55,1.1,13,0.3,196,3.9,4677,92.4,50,1
316,KAKAMEGA SOUTH,135,84,6.2,8,0.6,43,3.2,44,3.3,1120,82.8,54,4
317,KHWISERO ,1510,80,5.3,54,3.6,25,1.7,22,1.5,1283,85,46,3
318,LIKUYANI ,6842,212,3.1,106,1.5,63,0.9,167,2.4,6151,89.9,143,2.1
319,LUGARI ,3959,142,3.6,29,0.7,11,0.3,71,1.8,3641,92,65,1.6
320,MATETE ,1220,23,1.9,3,0.2,- ,-,34,2.8,1140,93.4,20,1.6
321,MATUNGU ,2569,61,2.4,34,1.3,22,0.9,138,5.4,2295,89.3,19,0.7
322,MUMIAS EAST,2223,40,1.8,18,0.8,1,0,83,3.7,2048,92.1,33,1.5
323,MUMIAS WEST,6957,123,1.8,188,2.7,55,0.8,1122,16.1,5345,76.8,124,1.8
324,NAVAKHOLO ,1255,73,5.8,19,1.5,51,4.1,38,3,1043,83.1,31,2.5
325,VIHIGA ,16993,558,3.3,152,0.9,152,0.9,410,2.4,15462,91,259,1.5
326,EMUHAYA ,1325,90,6.8,7,0.5,33,2.5,17,1.3,1161,87.6,17,1.3
327,VIHIGA ,3622,203,5.6,41,1.1,39,1.1,63,1.7,3235,89.3,41,1.1
328,SABATIA ,4434,126,2.8,36,0.8,2,0,121,2.7,4088,92.2,61,1.4
329,LUANDA ,3123,57,1.8,38,1.2,10,0.3,61,2,2923,93.6,34,1.1
330,HAMISI ,4485,78,1.7,30,0.7,68,1.5,148,3.3,4055,90.4,106,2.4
331,KAKAMEGA FOREST,4,4,100,- ,-,- ,-,-,-,- ,-,- ,-
332,BUNGOMA ,64317,1727,2.7,548,0.9,627,1,1330,2.1,59581,92.6,504,0.8
333,BUMULA ,2770,75,2.7,37,1.3,16,0.6,51,1.8,2551,92.1,40,1.4
334,BUNGOMA CENTRAL,5,123,2.3,22,0.4,7,0.1,35,0.7,5149,95.8,38,0.7
335,BUNGOMA EAST,4536,223,4.9,20,0.4,52,1.1,355,7.8,3847,84.8,39,0.9
336,BUNGOMA NORTH,290,55,1.9,13,0.4,3,0.1,54,1.9,2736,94.2,44,1.5
337,BUNGOMA SOUTH,253,546,2.2,178,0.7,272,1.1,389,1.5,23851,94.2,94,0.4
338,CHEPTAIS ,3052,64,2.1,51,1.7,72,2.4,40,1.3,2783,91.2,42,1.4
339,KIMILILI ,7044,135,1.9,83,1.2,11,0.2,109,1.5,6659,94.5,47,0.7
340,MT ELGON,214,140,6.5,3,0.1,48,2.2,159,7.4,1766,82.4,28,1.3
341,BUNGOMA WEST,2329,116,5,9,0.4,112,4.8,30,1.3,2025,86.9,37,1.6
342,TONGAREN ,2606,52,2,7,0.3,18,0.7,36,1.4,2451,94.1,42,1.6
343,WEBUYE ,6221,197,3.2,125,2,16,0.3,72,1.2,5758,92.6,53,0.9
344,MT. ELGON FOREST,,1,16.7,- ,-,- ,-,-,-,5,83.3,- ,-
345,BUSIA ,36137,1117,3.1,486,1.3,448,1.2,790,2.2,33051,91.5,245,0.7
346,BUNYALA ,4120,113,2.7,31,0.8,4,0.1,77,1.9,3870,93.9,25,0.6
347,BUSIA ,10472,362,3.5,258,2.5,143,1.4,267,2.5,9423,90,19,0.2
348,BUTULA ,3235,82,2.5,14,0.4,6,0.2,42,1.3,3049,94.3,42,1.3
349,NAMBALE ,2818,59,2.1,25,0.9,43,1.5,67,2.4,2603,92.4,21,0.7
350,SAMIA ,2261,120,5.3,14,0.6,25,1.1,29,1.3,2004,88.6,69,3.1
351,TESO NORTH,590,153,2.6,91,1.5,134,2.3,138,2.3,5348,90.5,44,0.7
352,TESO SOUTH,732,228,3.1,53,0.7,93,1.3,170,2.3,6754,92.2,25,0.3
353,SIAYA ,46969,1209,2.6,629,1.3,530,1.1,1015,2.2,43098,91.8,488,1
354,SIAYA ,11408,413,3.6,31,0.3,71,0.6,205,1.8,10581,92.8,107,0.9
355,GEM ,4915,190,3.9,134,2.7,115,2.3,190,3.9,4201,85.5,85,1.7
356,UGENYA ,3622,152,4.2,62,1.7,28,0.8,46,1.3,3301,91.1,33,0.9
357,UGUNJA ,4311,103,2.4,9,0.2,28,0.6,64,1.5,4056,94.1,51,1.2
358,BONDO ,17851,191,1.1,186,1,218,1.2,373,2.1,16751,93.8,132,0.7
364,RARIEDA ,4862,160,3.3,207,4.3,70,1.4,137,2.8,4208,86.5,80,1.6
365,KISUMU ,120033,4039,3.4,1306,1.1,3100,2.6,3423,2.9,107400,89.5,765,0.6
366,KISUMU EAST,3729,83,0.2,505,1.4,277,0.7,955,2.6,35340,94.8,133,0.4
367,KISUMU CENTRAL,45,2338,5.1,361,0.8,671,1.5,894,1.9,41515,90.3,211,0.5
368,KISUMU WEST,1431,857,6,90,0.6,62,0.4,321,2.2,12896,90.1,84,0.6
369,SEME ,2608,85,3.3,62,2.4,38,1.5,90,3.5,2278,87.3,55,2.1
370,MUHORONI ,9604,470,4.9,128,1.3,1577,16.4,869,9,6435,67,125,1.3
371,NYANDO ,6452,165,2.6,136,2.1,236,3.7,171,2.7,5670,87.9,74,1.1
372,NYAKACH ,3776,41,1.1,24,0.6,239,6.3,123,3.3,3266,86.5,83,2.2
373,HOMA BAY,48472,1376,2.8,911,1.9,507,1,1499,3.1,43566,89.9,613,1.3
374,HOMA BAY,11451,504,4.4,272,2.4,122,1.1,361,3.2,10087,88.1,105,0.9
375,NDHIWA ,4801,161,3.4,54,1.1,57,1.2,257,5.4,4212,87.7,60,1.2
376,RACHUONYO NORTH,481,190,3.9,276,5.7,59,1.2,130,2.7,4035,83.7,128,2.7
377,RACHUONYO EAST,2357,57,2.4,17,0.7,57,2.4,22,0.9,2148,91.1,56,2.4
378,RACHUONYO SOUTH,655,91,1.4,49,0.7,44,0.7,297,4.5,6015,91.8,54,0.8
379,RANGWE ,1995,102,5.1,127,6.4,37,1.9,85,4.3,1569,78.6,75,3.8
380,SUBA NORTH,956,164,1.7,66,0.7,27,0.3,208,2.2,9005,94.2,93,1
381,SUBA SOUTH,693,107,1.5,50,0.7,104,1.5,139,2,6495,93.6,42,0.6
382,MIGORI ,49346,1125,2.3,580,1.2,1131,2.3,1125,2.3,44884,91,501,1
383,AWENDO ,6690,149,2.2,26,0.4,637,9.5,168,2.5,5635,84.2,75,1.1
384,KURIA EAST,932,128,13.7,10,1.1,1,0.1,17,1.8,766,82.2,10,1.1
385,KURIA WEST,8938,155,1.7,35,0.4,103,1.2,206,2.3,8405,94,34,0.4
386,NYATIKE ,7794,172,2.2,128,1.6,141,1.8,156,2,7125,91.4,72,0.9
387,RONGO ,7005,161,2.3,54,0.8,24,0.3,173,2.5,6487,92.6,106,1.5
388,SUNA EAST,6890,211,3.1,14,0.2,67,1,239,3.5,6303,91.5,56,0.8
389,SUNA WEST,8198,47,0.6,162,2,111,1.4,81,1,7701,93.9,96,1.2
390,URIRI ,2899,102,3.5,151,5.2,47,1.6,85,2.9,2462,84.9,52,1.8
391,KISII ,52130,1226,2.4,685,1.3,265,0.5,1092,2.1,48565,93.2,297,0.6
392,ETAGO ,1225,33,2.7,66,5.4,1,0.1,20,1.6,1095,89.4,10,0.8
393,GUCHA ,2438,33,1.4,2,0.1,7,0.3,133,5.5,2253,92.4,10,0.4
394,GUCHA SOUTH,185,47,2.5,- ,-,2,0.1,48,2.6,1668,90.1,86,4.6
395,KENYENYA ,3505,31,0.9,92,2.6,15,0.4,16,0.5,3333,95.1,18,0.5
396,KISII CENTRAL,15,785,5.1,181,1.2,78,0.5,353,2.3,14024,90.6,55,0.4
397,KISII SOUTH,343,42,1.2,7,0.2,36,1,92,2.7,3236,94.3,19,0.6
398,KITUTU  CENTRAL,16,127,0.8,274,1.7,97,0.6,310,1.9,15403,94.9,25,0.2
399,MARANI ,1150,42,3.7,5,0.4,3,0.3,7,0.6,1071,93.1,22,1.9
400,MASABA SOUTH,295,61,2.1,31,1,1,0,27,0.9,2812,95.1,26,0.9
401,NYAMACHE ,2490,14,0.6,6,0.2,14,0.6,76,3.1,2366,95,14,0.6
402,SAMETA ,1369,11,0.8,21,1.5,11,0.8,10,0.7,1304,95.3,12,0.9
403,NYAMIRA ,21767,615,2.8,289,1.3,137,0.6,2174,10,18402,84.5,150,0.7
404,BORABU ,8368,107,1.3,34,0.4,65,0.8,1859,22.2,6235,74.5,68,0.8
405,MANGA ,2376,78,3.3,108,4.5,17,0.7,8,0.3,2154,90.7,11,0.5
406,MASABA NORTH,308,101,3.3,60,1.9,40,1.3,67,2.2,2801,90.9,13,0.4
407,NYAMIRA  NORTH,334,85,2.5,1,0,13,0.4,118,3.5,3094,92.4,38,1.1
408,NYAMIRA SOUTH,459,244,5.3,86,1.9,2,0,122,2.7,4118,89.7,20,0.4
409,NAIROBI CITY,13,28829,2.1,23794,1.8,14726,1.1,97984,7.2,1184499,87.4,5050,0.4
410,DAGORETTI ,140898,432,0.3,1400,1,740,0.5,8579,6.1,129417,91.9,330,0.2
411,EMBAKASI ,328498,2690,0.8,2903,0.9,2440,0.7,31101,9.5,288905,87.9,459,0.1
412,KAMUKUNJI ,79869,1979,2.5,3019,3.8,472,0.6,7098,8.9,66952,83.8,349,0.4
413,KASARANI ,246121,4273,1.7,2394,1,1540,0.6,14920,6.1,222404,90.4,590,0.2
414,KIBRA ,55504,1659,3,1484,2.7,1233,2.2,1313,2.4,49642,89.4,173,0.3
415,LANG'ATA ,47853,3813,8,331,0.7,899,1.9,5122,10.7,36930,77.2,758,1.6
416,MAKADARA ,65557,5404,8.2,6293,9.6,3383,5.2,2529,3.9,47452,72.4,496,0.8
417,MATHARE ,72778,814,1.1,1910,2.6,153,0.2,3782,5.2,66041,90.7,78,0.1
418,NJIRU ,169306,1018,0.6,1880,1.1,778,0.5,5900,3.5,159380,94.1,350,0.2
419,STAREHE ,62111,3673,5.9,1449,2.3,1884,3,6766,10.9,47964,77.2,375,0.6
,WESTLANDS ,86387,3074,3.6,731,0.8,1204,1.4,10874,12.6,69412,80.4,1092,1.3
