No,County/ Sub-County,Total,Conventional Households,Group Quarters,Owned houses,per cent owned,Rented Houses,per cent rented,Not stated,per cent not-stated
1,KENYA,12143913,12043016,100897,7379485,61.3,4660027,38.7,3504,0
2,Rural,7432249,7379282,52967,6387020,86.6,990602,13.4,1660,0
3,Urban,4711664,4663734,47930,992465,21.3,3669425,78.7,1844,0
4,MOMBASA,378422,376295,2127,78346,20.8,297830,79.1,119,0
5,CHANGAMWE,46614,46439,175,4531,9.8,41903,90.2,5,0
6,JOMVU,53472,53214,258,14021,26.3,39185,73.6,8,0
7,KISAUNI,88202,88159,43,25407,28.8,62711,71.1,41,0
8,LIKONI,81191,80002,1189,17401,21.8,62586,78.2,15,0
9,MVITA,38995,38710,285,6516,16.8,32172,83.1,22,0.1
10,NYALI,69948,69771,177,10470,15,59273,85,28,0
11,KWALE,173176,172802,374,133135,77,39612,22.9,55,0
12,KINANGO,16043,16041,2,14679,91.5,1359,8.5,3,0
13,LUNGALUNGA,37366,37276,90,33298,89.3,3973,10.7,5,0
14,MATUGA,39231,39124,107,32740,83.7,6374,16.3,10,0
15,MSAMBWENI,45466,45374,92,23263,51.3,22098,48.7,13,0
16,SAMBURU,35070,34987,83,29155,83.3,5808,16.6,24,0.1
17,KILIFI,298472,297990,482,199451,66.9,98466,33,73,0
18,CHONYI,11421,11416,5,11098,97.2,318,2.8,-,-
19,GANZE,23258,23197,61,21647,93.3,1538,6.6,12,0.1
20,KALOLENI,36355,36344,11,27636,76,8693,23.9,15,0
21,KAUMA,3479,3479, -,3311,95.2,168,4.8,-,-
22,KILIFI NORTH,39512,39508,4,23143,58.6,16361,41.4,4,0
23,KILIFI SOUTH,53074,53011,63,23385,44.1,29620,55.9,6,0
24,MAGARINI,33017,32978,39,28655,86.9,4314,13.1,9,0
25,MALINDI,73547,73317,230,41731,56.9,31563,43.1,23,0
26,RABAI,24809,24740,69,18845,76.2,5891,23.8,4,0
27,TANA RIVER,68242,66984,1258,52564,78.5,14383,21.5,37,0.1
28,TANA DELTA,22791,22395,396,19641,87.7,2744,12.3,10,0
29,TANA NORTH,26886,26119,767,18245,69.9,7865,30.1,9,0
30,TANA RIVER,18565,18470,95,14678,79.5,3774,20.4,18,0.1
31,LAMU,37963,34231,3732,23238,67.9,10981,32.1,12,0
32,LAMU EAST,5090,4476,614,3289,73.5,1187,26.5,-,-
33,LAMU WEST,32873,29755,3118,19949,67,9794,32.9,12,0
34,TAITA/TAVETA,96429,94468,1961,62688,66.4,31754,33.6,26,0
35,MWATATE,23698,23184,514,16932,73,6248,26.9,4,0
36,TAITA,15094,14985,109,12467,83.2,2517,16.8,1,0
37,TAVETA,24115,23417,698,15358,65.6,8053,34.4,6,0
38,VOI,33522,32882,640,17931,54.5,14936,45.4,15,0
39,GARISSA,141394,138940,2454,121453,87.4,17450,12.6,37,0
40,BALAMBALA,4337,3986,351,3915,98.2,71,1.8,-,-
41,DADAAB,35793,35169,624,33111,94.1,2048,5.8,10,0
42,FAFI,23671,23351,320,22297,95.5,1047,4.5,7,0
43,GARISSA,30518,29790,728,17884,60,11892,39.9,14,0
44,HULUGHO,20254,20078,176,19759,98.4,318,1.6,1,0
45,IJARA,18481,18296,185,16577,90.6,1714,9.4,5,0
46,LAGDERA,8340,8270,70,7910,95.6,360,4.4,-,-
47,WAJIR,127932,126878,1054,120367,94.9,6503,5.1,8,0
48,BUNA,6480,6480, -,6327,97.6,153,2.4,-,-
49,ELDAS,13961,13862,99,13711,98.9,151,1.1,-,-
50,HABASWEIN,31292,31113,179,29816,95.8,1293,4.2,4,0
51,TARBAJ,9309,9241,68,9139,98.9,102,1.1,-,-
52,WAJIR EAST,18674,18282,392,14995,82,3285,18,2,0
53,WAJIR NORTH,10490,10478,12,9855,94.1,623,5.9,-,-
54,WAJIR SOUTH,21364,21149,215,20796,98.3,351,1.7,2,0
55,WAJIR WEST,16362,16273,89,15728,96.7,545,3.3,-,-
56,MANDERA,125763,123954,1809,114521,92.4,9410,7.6,23,0
57,MANDERA WEST,14274,14201,73,13481,94.9,718,5.1,2,0
58,BANISA,24285,24000,285,23613,98.4,386,1.6,1,0
59,KOTULO,9446,9342,104,9017,96.5,325,3.5,-,-
60,LAFEY,11597,11380,217,11066,97.2,314,2.8,-,-
61,MANDERA CENTRAL,21140,20795,345,19324,92.9,1451,7,20,0.1
62,MANDERA EAST,25904,25206,698,19682,78.1,5524,21.9,-,-
63,MANDERA NORTH,19117,19030,87,18338,96.4,692,3.6,-,-
69,MARSABIT,77495,76689,806,66082,86.2,10561,13.8,46,0.1
70,LOIYANGALANI,7774,7646,128,7376,96.5,270,3.5,-,-
71,MARSABIT CENTRAL,15849,15658,191,10880,69.5,4776,30.5,2,0
72,MARSABIT NORTH,7521,7468,53,7338,98.3,130,1.7,-,-
73,MARSABIT SOUTH,11615,11563,52,11151,96.4,409,3.5,3,0
74,MOYALE,17709,17591,118,13395,76.1,4194,23.8,2,0
75,NORTH HORR,9789,9601,188,9449,98.4,114,1.2,38,0.4
76,SOLOLO,7238,7162,76,6493,90.7,668,9.3,1,0
77,ISIOLO,58072,53217,4855,38285,71.9,14918,28,14,0
78,GARBATULLA,18661,17047,1614,15450,90.6,1592,9.3,5,0
79,ISIOLO,29853,27612,2241,14669,53.1,12934,46.8,9,0
80,MERTI,9558,8558,1000,8166,95.4,392,4.6,-,-
81,MERU,426360,423931,2429,313867,74,109916,25.9,148,0
82,BUURI EAST,23834,23737,97,17740,74.7,5986,25.2,11,0
83,BUURI WEST,27973,27905,68,13216,47.4,14685,52.6,4,0
84,IGEMBE CENTRAL,52031,51848,183,42208,81.4,9624,18.6,16,0
85,IGEMBE NORTH,38871,38716,155,31541,81.5,7158,18.5,17,0
86,IGEMBE SOUTH,43281,43222,59,29694,68.7,13507,31.3,21,0
87,IMENTI NORTH,57668,57556,112,30338,52.7,27198,47.3,20,0
88,IMENTI SOUTH,64186,63954,232,46723,73.1,17221,26.9,10,0
89,MERU CENTRAL,39595,39498,97,33046,83.7,6436,16.3,16,0
90,TIGANIA CENTRAL,25039,24983,56,22213,88.9,2767,11.1,3,0
91,TIGANIA EAST,17185,16791,394,14873,88.6,1900,11.3,18,0.1
92,TIGANIA WEST,36207,35402,805,32080,90.6,3310,9.3,12,0
93,MERU NATIONAL PARK,207,46,161,-,- ,46,100,-,-
94,MT. KENYA FOREST,283,273,10,195,71.4,78,28.6,-,-
95,THARAKA-NITHI,109860,109450,410,90352,82.6,19062,17.4,36,0
96,IGAMBANG'OMBE,14398,14383,15,12551,87.3,1826,12.7,6,0
97,MAARA,35041,34779,262,28925,83.2,5845,16.8,9,0
98,MERU SOUTH,28249,28211,38,20258,71.8,7943,28.2,10,0
99,THARAKA NORTH,13413,13403,10,12307,91.8,1088,8.1,8,0.1
100,THARAKA SOUTH,18646,18603,43,16311,87.7,2289,12.3,3,0
101,MT. KENYA FOREST,113,71,42,-,- ,71,100,-,-
102,EMBU,182743,182427,316,133108,73,49298,27,21,0
103,EMBU EAST,39678,39586,92,32844,83,6742,17,-,-
104,EMBU NORTH,24300,24294,6,20104,82.8,4188,17.2,2,0
105,EMBU WEST,43153,43126,27,19840,46,23280,54,6,0
106,MBEERE SOUTH,46065,45924,141,36283,79,9630,21,11,0
107,MBEERE NORTH,29528,29483,45,24037,81.5,5444,18.5,2,0
108,MT. KENYA FOREST,19,14,5,-,- ,14,100,-,-
109,KITUI,262942,261814,1128,224626,85.8,37132,14.2,56,0
110,IKUTHA,16679,16579,100,15115,91.2,1463,8.8,1,0
111,KATULANI,12170,12166,4,11116,91.4,1050,8.6,-,-
112,KISASI,10866,10860,6,9812,90.3,1045,9.6,3,0
113,KITUI CENTRAL,29057,29026,31,17874,61.6,11150,38.4,2,0
114,KITUI WEST,17497,17465,32,15739,90.1,1726,9.9,-,-
115,KYUSO,15993,15969,24,14523,90.9,1443,9,3,0
116,LOWER YATTA,15454,15021,433,12978,86.4,2040,13.6,3,0
117,MATINYANI,11513,11497,16,10973,95.4,524,4.6,-,-
118,MIGWANI,19096,18843,253,17666,93.8,1169,6.2,8,0
119,MUMONI,6496,6451,45,6039,93.6,411,6.4,1,0
120,MUTITU,11521,11490,31,10579,92.1,894,7.8,17,0.1
121,MUTITU NORTH,4929,4929, -,4437,90,491,10,1,0
122,MUTOMO,23044,23034,10,20684,89.8,2346,10.2,4,0
123,MWINGI CENTRAL,26753,26745,8,19301,72.2,7437,27.8,7,0
124,MWINGI EAST,18730,18725,5,17188,91.8,1531,8.2,6,0
125,NZAMBANI,11276,11276, -,9778,86.7,1498,13.3,-,-
126,THAGICU,3289,3289, -,3187,96.9,102,3.1,-,-
127,TSEIKURU,8579,8449,130,7637,90.4,812,9.6,-,-
128,MACHAKOS,402466,399523,2943,257882,64.5,141539,35.4,102,0
129,ATHI RIVER,109735,109723,12,24013,21.9,85645,78.1,65,0.1
130,KALAMA,14182,14137,45,12974,91.8,1162,8.2,1,0
131,KANGUNDO,26142,26115,27,23963,91.8,2149,8.2,3,0
137,KATHIANI,28730,28730, -,26630,92.7,2094,7.3,6,0
138,MACHAKOS,50979,50753,226,29501,58.1,21246,41.9,6,0
139,MASINGA,36251,36196,55,31913,88.2,4279,11.8,4,0
140,MATUNGULU,44454,44399,55,33555,75.6,10838,24.4,6,0
141,MWALA,45840,45809,31,40781,89,5021,11,7,0
142,YATTA,46153,43661,2492,34552,79.1,9105,20.9,4,0
143,MAKUENI,244669,243979,690,198314,81.3,45609,18.7,56,0
144,KATHONZWENI,18365,18362,3,16205,88.3,2153,11.7,4,0
145,KIBWEZI,47912,47594,318,36202,76.1,11379,23.9,13,0
146,KILUNGU,14586,14563,23,13933,95.7,626,4.3,4,0
147,MAKINDU,21756,21662,94,15374,71,6280,29,8,0
148,MAKUENI,34479,34352,127,24768,72.1,9580,27.9,4,0
149,MBOONI EAST,23734,23724,10,21629,91.2,2094,8.8,1,0
150,MBOONI WEST,24833,24807,26,23134,93.3,1670,6.7,3,0
151,MUKAA,28185,28109,76,22229,79.1,5871,20.9,9,0
152,NZAUI,30819,30806,13,24840,80.6,5956,19.3,10,0
153,NYANDARUA,179686,178224,1462,124463,69.8,53734,30.1,27,0
154,KINANGOP,30970,30847,123,21230,68.8,9613,31.2,4,0
155,NYANDARUA SOUTH,25822,25650,172,17554,68.4,8094,31.6,2,0
156,MIRANGINE,18816,17880,936,12755,71.3,5123,28.7,2,0
157,KIPIPIRI,25200,25077,123,20282,80.9,4787,19.1,8,0
158,NYANDARUA CENTRAL,21942,21852,90,12843,58.8,9007,41.2,2,0
159,NYANDARUA WEST,29008,29003,5,18510,63.8,10489,36.2,4,0
160,NYANDARUA NORTH,27917,27906,11,21289,76.3,6612,23.7,5,0
161,ABERDARE NATIONAL PARK,11,9,2,-,- ,9,100,-,-
162,NYERI,248050,244564,3486,163617,66.9,80917,33.1,30,0
163,TETU,24139,24122,17,21134,87.6,2987,12.4,1,0
164,KIENI EAST,36835,36751,84,19749,53.7,16997,46.2,5,0
165,KIENI WEST,27619,27530,89,19249,69.9,8276,30.1,5,0
166,MATHIRA EAST,35044,33945,1099,21506,63.4,12437,36.6,2,0
167,MATHIRA WEST,19020,18892,128,16647,88.1,2242,11.9,3,0
168,NYERI SOUTH,28228,28103,125,22149,78.8,5952,21.2,2,0
169,MUKURWE-INI,27040,27036,4,24284,89.8,2750,10.2,2,0
170,NYERI CENTRAL,49945,48036,1909,18872,39.3,29154,60.7,10,0
171,MT. KENYA FOREST,101,101, -,27,26.7,74,73.3,-,-
172,ABERDARE FOREST,79,48,31,-,- ,48,100,-,-
173,KIRINYAGA,204188,203576,612,142225,69.9,61325,30.1,26,0
174,KIRINYAGA CENTRAL,40225,40149,76,29577,73.7,10570,26.3,2,0
175,KIRINYAGA EAST,44571,44509,62,36758,82.6,7739,17.4,12,0
176,KIRINYAGA WEST,38309,37951,358,27121,71.5,10827,28.5,3,0
177,MWEA EAST,46340,46331,9,24871,53.7,21452,46.3,8,0
178,MWEA WEST,34720,34613,107,23898,69,10714,31,1,0
179,MT. KENYA FOREST,23,23, -,-,- ,23,100,-,-
180,MURANG'A,318105,317496,609,242262,76.3,75177,23.7,57,0
181,MURANG'A EAST,34734,34650,84,22256,64.2,12390,35.8,4,0
182,KANGEMA,25293,25283,10,21231,84,4052,16,-,-
183,MATHIOYA,28400,28372,28,24509,86.4,3858,13.6,5,0
184,KAHURO,26930,26778,152,24170,90.3,2604,9.7,4,0
185,MURANG'A SOUTH,55998,55878,120,38345,68.6,17518,31.4,15,0
186,GATANGA,55461,55340,121,38246,69.1,17085,30.9,9,0
187,KIGUMO,40552,40528,24,32237,79.5,8282,20.4,9,0
188,KANDARA,50704,50657,47,41268,81.5,9378,18.5,11,0
189,ABERDARE FOREST,33,10,23,-,- ,10,100,-,-
190,KIAMBU,795241,792333,2908,294040,37.1,498012,62.9,281,0
191,GATUNDU NORTH,31472,31452,20,24970,79.4,6475,20.6,7,0
192,GATUNDU SOUTH,35609,35577,32,28120,79,7442,20.9,15,0
193,GITHUNGURI,49426,49414,12,35436,71.7,13963,28.3,15,0
194,JUJA,104301,104042,259,30347,29.2,73652,70.8,43,0
195,KABETE,66710,66681,29,23937,35.9,42720,64.1,24,0
196,KIAMBAA,80332,80316,16,24745,30.8,55535,69.1,36,0
197,KIAMBU,47275,46816,459,15786,33.7,31003,66.2,27,0.1
198,KIKUYU,60686,60619,67,24005,39.6,36606,60.4,8,0
199,LARI,38592,38585,7,25647,66.5,12933,33.5,5,0
205,LIMURU,49174,49096,78,22447,45.7,26637,54.3,12,0
206,RUIRU,129470,127910,1560,20435,16,107423,84,52,0
207,THIKA EAST,12736,12736, -,5987,47,6743,52.9,6,0
208,THIKA WEST,89458,89089,369,12178,13.7,76880,86.3,31,0
209,TURKANA,164519,162627,1892,137157,84.3,25351,15.6,119,0.1
210,KIBISH,5805,5699,106,5651,99.2,48,0.8,-,-
211,LOIMA,19438,19139,299,18864,98.6,255,1.3,20,0.1
212,TURKANA CENTRAL,38173,37917,256,28484,75.1,9422,24.8,11,0
213,TURKANA EAST,17981,17887,94,17396,97.3,473,2.6,18,0.1
214,TURKANA NORTH,13119,12964,155,12482,96.3,481,3.7,1,0
215,TURKANA SOUTH,24552,24281,271,20968,86.4,3300,13.6,13,0.1
216,TURKANA WEST,45451,44740,711,33312,74.5,11372,25.4,56,0.1
217,WEST POKOT,116182,115761,421,101538,87.7,14192,12.3,31,0
218,KIPKOMO,18370,18367,3,15894,86.5,2473,13.5,-,-
219,POKOT CENTRAL,21850,21784,66,20732,95.2,1048,4.8,4,0
220,POKOT NORTH,25804,25736,68,24640,95.7,1079,4.2,17,0.1
221,POKOT SOUTH,13817,13752,65,12693,92.3,1059,7.7,-,-
222,WEST POKOT,36341,36122,219,27579,76.3,8533,23.6,10,0
223,SAMBURU,65910,63951,1959,54402,85.1,9543,14.9,6,0
224,SAMBURU CENTRAL,34202,33720,482,27041,80.2,6675,19.8,4,0
225,SAMBURU EAST,18424,17307,1117,15358,88.7,1949,11.3,-,-
226,SAMBURU NORTH,13284,12924,360,12003,92.9,919,7.1,2,0
227,TRANS NZOIA,223808,222989,819,150986,67.7,71976,32.3,27,0
228,TRANS NZOIA WEST,47603,47576,27,24745,52,22818,48,13,0
229,TRANS NZOIA EAST,50017,49955,62,38841,77.8,11112,22.2,2,0
230,KWANZA,45752,45599,153,32892,72.1,12703,27.9,4,0
231,ENDEBESS,23705,23246,459,17323,74.5,5921,25.5,2,0
232,KIMININI,56731,56613,118,37185,65.7,19422,34.3,6,0
233,UASIN GISHU,304943,301110,3833,153094,50.8,147951,49.1,65,0
234,AINABKOI,34892,34862,30,18637,53.5,16218,46.5,7,0
235,KAPSERET,59746,59678,68,18690,31.3,40966,68.6,22,0
236,KESSES,34653,34623,30,24512,70.8,10104,29.2,7,0
237,MOIBEN,46729,46602,127,24383,52.3,22214,47.7,5,0
238,SOY,53784,53758,26,35993,67,17758,33,7,0
239,TURBO,75139,71587,3552,30879,43.1,40691,56.8,17,0
240,ELGEYO/MARAKWET,99861,99119,742,81228,81.9,17868,18,23,0
241,KEIYO NORTH,21947,21749,198,16597,76.3,5146,23.7,6,0
242,KEIYO SOUTH,27029,26740,289,22984,86,3750,14,6,0
243,MARAKWET EAST,21362,21123,239,18654,88.3,2468,11.7,1,0
244,MARAKWET WEST,29523,29507,16,22993,77.9,6504,22,10,0
245,NANDI,199426,199040,386,156477,78.6,42536,21.4,27,0
246,CHESUMEI,39051,39011,40,28645,73.4,10363,26.6,3,0
247,NANDI CENTRAL,34400,34247,153,25900,75.6,8346,24.4,1,0
248,NANDI EAST,29253,29249,4,16813,57.5,12427,42.5,9,0
249,NANDI NORTH,35297,35257,40,32065,90.9,3185,9,7,0
250,NANDI SOUTH,37094,37038,56,32931,88.9,4105,11.1,2,0
251,TINDERET,24331,24238,93,20123,83,4110,17,5,0
252,BARINGO,142518,141877,641,113578,80.1,28282,19.9,17,0
253,BARINGO CENTRAL,23555,23523,32,17167,73,6352,27,4,0
254,BARINGO NORTH,23500,23345,155,21193,90.8,2151,9.2,1,0
255,EAST POKOT,14498,14392,106,13750,95.5,642,4.5,-,-
256,KOIBATEK,30774,30752,22,20125,65.4,10622,34.5,5,0
257,MARIGAT,19854,19658,196,15064,76.6,4590,23.3,4,0
258,MOGOTIO,18184,18169,15,14836,81.7,3333,18.3,-,-
259,TIATY EAST,12153,12038,115,11443,95.1,592,4.9,3,0
260,LAIKIPIA,149271,145776,3495,88923,61,56835,39,18,0
261,LAIKIPIA CENTRAL,30372,29877,495,18707,62.6,11165,37.4,5,0
262,LAIKIPIA EAST,33505,31311,2194,14013,44.8,17295,55.2,3,0
263,LAIKIPIA NORTH,7752,7694,58,6600,85.8,1093,14.2,1,0
264,LAIKIPIA WEST,33025,32821,204,24232,73.8,8582,26.1,7,0
265,NYAHURURU,44617,44073,544,25371,57.6,18700,42.4,2,0
266,NAKURU,616046,598237,17809,275360,46,322763,54,114,0
267,GILGIL,58920,49405,9515,26371,53.4,23021,46.6,13,0
273,KURESOI NORTH,40359,40168,191,31366,78.1,8795,21.9,7,0
274,KURESOI SOUTH,34627,34543,84,27764,80.4,6777,19.6,2,0
275,MOLO,41462,41439,23,23440,56.6,17995,43.4,4,0
276,NAIVASHA,117633,111493,6140,33504,30.1,77962,69.9,27,0
277,NAKURU EAST,61398,60066,1332,9659,16.1,50388,83.9,19,0
278,NAKURU NORTH,61728,61582,146,29591,48.1,31977,51.9,14,0
279,NAKURU WEST,64481,64429,52,9867,15.3,54557,84.7,5,0
280,NJORO,61271,61156,115,38198,62.5,22949,37.5,9,0
281,RONGAI,52348,52248,100,29297,56.1,22944,43.9,7,0
282,SUBUKIA,21819,21708,111,16303,75.1,5398,24.9,7,0
283,NAROK,241125,238115,3010,183078,76.9,54964,23.1,73,0
284,NAROK EAST,25078,24860,218,18264,73.5,6594,26.5,2,0
285,NAROK NORTH,59996,59802,194,32796,54.8,26982,45.1,24,0
286,NAROK SOUTH,46723,46549,174,41116,88.3,5423,11.7,10,0
287,NAROK WEST,38658,37782,876,34125,90.3,3648,9.7,9,0
288,TRANS MARA EAST,20506,20439,67,19832,97,602,2.9,5,0
289,TRANS MARA WEST,50132,48683,1449,36945,75.9,11715,24.1,23,0
290,MAU FOREST,32,-,32,-,- ,-,-,-,-
291,KAJIADO,316179,313218,2961,127223,40.6,185863,59.3,132,0
292,ISINYA,71579,71395,184,12686,17.8,58651,82.2,58,0.1
293,KAJIADO CENTRAL,37238,37059,179,23991,64.7,13062,35.2,6,0
294,KAJIADO NORTH,101378,100908,470,19017,18.8,81846,81.1,45,0
295,KAJIADO WEST,42774,42367,407,29966,70.7,12386,29.2,15,0
296,LOITOKITOK,47058,45581,1477,32205,70.7,13370,29.3,6,0
297,MASHUURU,16152,15908,244,9358,58.8,6548,41.2,2,0
298,KERICHO,206036,205932,104,152990,74.3,52873,25.7,69,0
299,BELGUT,35012,34978,34,24452,69.9,10519,30.1,7,0
300,BURETI,43117,43098,19,35020,81.3,8073,18.7,5,0
301,KERICHO EAST,44246,44246, -,23449,53,20768,46.9,29,0.1
302,KIPKELION,24688,24676,12,22539,91.3,2125,8.6,12,0
303,LONDIANI,31778,31739,39,23558,74.2,8171,25.7,10,0
304,SOIN SIGOWET,27195,27195, -,23972,88.1,3217,11.8,6,0
305,BOMET,187641,187230,411,155576,83.1,31630,16.9,24,0
306,BOMET EAST,29958,29897,61,27472,91.9,2420,8.1,5,0
307,CHEPALUNGU,33931,33850,81,32715,96.6,1131,3.3,4,0
308,KONOIN,38178,38123,55,24381,64,13736,36,6,0
309,SOTIK,47315,47265,50,41107,87,6153,13,5,0
310,BOMET CENTRAL,38259,38095,164,29901,78.5,8190,21.5,4,0
311,KAKAMEGA,433207,432284,923,369381,85.4,62765,14.5,138,0
312,BUTERE,36243,36243, -,33817,93.3,2422,6.7,4,0
313,KAKAMEGA CENTRAL,52015,51956,59,28145,54.2,23790,45.8,21,0
314,KAKAMEGA EAST,39589,39589, -,35942,90.8,3602,9.1,45,0.1
315,KAKAMEGA NORTH,51083,50952,131,45870,90,5063,9.9,19,0
316,KAKAMEGA SOUTH,26964,26940,24,25580,95,1353,5,7,0
317,KHWISERO,27681,27681, -,26168,94.5,1510,5.5,3,0
318,LIKUYANI,35322,34776,546,27929,80.3,6842,19.7,5,0
319,LUGARI,27862,27817,45,23853,85.7,3959,14.2,5,0
320,MATETE,13956,13956, -,12736,91.3,1220,8.7,-,-
321,MATUNGU,36457,36414,43,33837,92.9,2569,7.1,8,0
322,MUMIAS EAST,26049,25995,54,23768,91.4,2223,8.6,4,0
323,MUMIAS WEST,27671,27650,21,20683,74.8,6957,25.2,10,0
324,NAVAKHOLO,32315,32315, -,31053,96.1,1255,3.9,7,0
325,VIHIGA,143365,143288,77,126261,88.1,16993,11.9,34,0
326,EMUHAYA,23804,23803,1,22471,94.4,1325,5.6,7,0
327,VIHIGA,23375,23359,16,19729,84.5,3622,15.5,8,0
328,SABATIA,31422,31391,31,26951,85.9,4434,14.1,6,0
329,LUANDA,26766,26766, -,23635,88.3,3123,11.7,8,0
330,HAMISI,37986,37965,21,33475,88.2,4485,11.8,5,0
331,KAKAMEGA FOREST,12,4,8,-,- ,4,100,-,-
332,BUNGOMA,358796,357714,1082,293353,82,64317,18,44,0
333,BUMULA,44954,44922,32,42150,93.8,2770,6.2,2,0
334,BUNGOMA CENTRAL,37803,37535,268,32160,85.7,5374,14.3,1,0
335,BUNGOMA EAST,24873,24798,75,20258,81.7,4536,18.3,4,0
341,BUNGOMA NORTH,24998,24940,58,22030,88.3,2905,11.6,5,0
342,BUNGOMA SOUTH,69151,69088,63,43753,63.3,25330,36.7,5,0
343,CHEPTAIS,26326,26007,319,22950,88.2,3052,11.7,5,0
344,KIMILILI,35263,35053,210,28006,79.9,7044,20.1,3,0
345,MT ELGON,15276,15230,46,13082,85.9,2144,14.1,4,0
346,BUNGOMA WEST,25172,25166,6,22830,90.7,2329,9.3,7,0
347,TONGAREN,21343,21343, -,18731,87.8,2606,12.2,6,0
348,WEBUYE WEST,32839,32834,5,26611,81,6221,18.9,2,0
349,MT. ELGON FOREST,798,798, -,792,99.2,6,0.8,-,-
350,BUSIA,198152,197944,208,161775,81.7,36137,18.3,32,0
351,BUNYALA,19039,19028,11,14906,78.3,4120,21.7,2,0
352,BUSIA,33160,33152,8,22664,68.4,10472,31.6,16,0
353,BUTULA,32213,32199,14,28961,89.9,3235,10,3,0
354,NAMBALE,23892,23889,3,21067,88.2,2818,11.8,4,0
355,SAMIA,23884,23813,71,21552,90.5,2261,9.5,-,-
356,TESO NORTH,29395,29314,81,23404,79.8,5908,20.2,2,0
357,TESO SOUTH,36569,36549,20,29221,80,7323,20,5,0
358,SIAYA,250698,249341,1357,202274,81.1,46969,18.8,98,0
359,SIAYA,57553,57386,167,45942,80.1,11408,19.9,36,0.1
360,GEM,44884,44696,188,39766,89,4915,11,15,0
361,UGENYA,33565,33554,11,29926,89.2,3622,10.8,6,0
362,UGUNJA,26328,26321,7,22008,83.6,4311,16.4,2,0
363,BONDO,51362,50454,908,32584,64.6,17851,35.4,19,0
364,RARIEDA,37006,36930,76,32048,86.8,4862,13.2,20,0.1
365,KISUMU,300745,296846,3899,176699,59.5,120033,40.4,114,0
366,KISUMU EAST,61871,61499,372,24181,39.3,37293,60.6,25,0
367,KISUMU CENTRAL,52331,52163,168,6148,11.8,45990,88.2,25,0
368,KISUMU WEST,45933,42785,3148,28458,66.5,14310,33.4,17,0
369,SEME,29404,29404, -,26793,91.1,2608,8.9,3,0
370,MUHORONI,37193,36982,211,27362,74,9604,26,16,0
371,NYANDO,38460,38460, -,31994,83.2,6452,16.8,14,0
372,NYAKACH,35553,35553, -,31763,89.3,3776,10.6,14,0
373,HOMA BAY,262036,260290,1746,211772,81.4,48472,18.6,46,0
374,HOMA BAY,29318,28471,847,17013,59.8,11451,40.2,7,0
375,NDHIWA,48062,47956,106,43149,90,4801,10,6,0
376,RACHUONYO NORTH,41809,41661,148,36831,88.4,4818,11.6,12,0
377,RACHUONYO EAST,27319,27229,90,24870,91.3,2357,8.7,2,0
378,RACHUONYO SOUTH,30990,30693,297,24139,78.6,6550,21.3,4,0
379,RANGWE,27003,26983,20,24985,92.6,1995,7.4,3,0
380,SUBA NORTH,29766,29662,104,20095,67.7,9563,32.2,4,0
381,SUBA SOUTH,27769,27635,134,20690,74.9,6937,25.1,8,0
382,MIGORI,240168,238133,2035,188705,79.2,49346,20.7,82,0
383,AWENDO,27033,27014,19,20311,75.2,6690,24.8,13,0
384,KURIA EAST,17363,17267,96,16329,94.6,932,5.4,6,0
385,KURIA WEST,39781,39723,58,30772,77.5,8938,22.5,13,0
386,NYATIKE,40257,39358,899,31551,80.2,7794,19.8,13,0
387,RONGO,29087,29007,80,21997,75.8,7005,24.1,5,0
388,SUNA EAST,27302,27214,88,20309,74.6,6890,25.3,15,0.1
389,SUNA WEST,29251,28839,412,20638,71.6,8198,28.4,3,0
390,URIRI,30094,29711,383,26798,90.2,2899,9.8,14,0
391,KISII,308054,307254,800,255080,83,52130,17,44,0
392,ETAGO,18610,18610, -,17382,93.4,1225,6.6,3,0
393,GUCHA,19657,19621,36,17178,87.5,2438,12.4,5,0
394,GUCHA SOUTH,19732,19627,105,17769,90.5,1851,9.4,7,0
395,KENYENYA,30989,30985,4,27477,88.7,3505,11.3,3,0
396,KISII CENTRAL,44311,44037,274,28557,64.8,15476,35.1,4,0
397,KISII SOUTH,31696,31574,122,28140,89.1,3432,10.9,2,0
398,KITUTU CENTRAL,41271,41233,38,24986,60.6,16236,39.4,11,0
399,MARANI,26186,26133,53,24978,95.6,1150,4.4,5,0
400,MASABA SOUTH,29232,29206,26,26246,89.9,2958,10.1,2,0
401,NYAMACHE,30712,30583,129,28092,91.9,2490,8.1,1,0
402,SAMETA,15658,15645,13,14275,91.2,1369,8.8,1,0
408,NYAMIRA,150669,150499,170,128713,85.5,21767,14.5,19,0
409,BORABU,19468,19404,64,11035,56.9,8368,43.1,1,0
410,MANGA,23869,23836,33,21457,90,2376,10,3,0
411,MASABA NORTH,27913,27904,9,24817,88.9,3082,11,5,0
412,NYAMIRA NORTH,40446,40396,50,37045,91.7,3349,8.3,2,0
413,NYAMIRA SOUTH,38973,38959,14,34359,88.2,4592,11.8,8,0
414,NAIROBI CITY,1506888,1494676,12212,138976,9.3,1354882,90.6,818,0.1
415,DAGORETTI,155089,154949,140,13940,9,140898,90.9,111,0.1
416,EMBAKASI,347955,346462,1493,17809,5.1,328498,94.8,155,0
417,KAMUKUNJI,84365,83680,685,3757,4.5,79869,95.4,54,0.1
418,KASARANI,271290,268611,2679,22367,8.3,246121,91.6,123,0
419,KIBRA,61690,61651,39,6120,9.9,55504,90,27,0
420,LANG'ATA,62239,60187,2052,12299,20.4,47853,79.5,35,0.1
421,MAKADARA,70361,70080,281,4499,6.4,65557,93.5,24,0
422,MATHARE,74967,74967, -,2138,2.9,72778,97.1,51,0.1
423,NJIRU,204563,204492,71,35066,17.1,169306,82.8,120,0.1
424,STAREHE,69389,66108,3281,3928,5.9,62111,94,69,0.1
425,WESTLANDS,104980,103489,1491,17053,16.5,86387,83.5,49,0
